file_Name,Image Time
SWP1-01092021134459-13.Bmp,01092021134459
SWP1-01092021134459-14.Bmp,01092021134459
SWP1-01092021134500-15.Bmp,01092021134500
SWP1-01092021134501-17.Bmp,01092021134501
SWP1-01092021134502-18.Bmp,01092021134502
SWP1-01092021134503-20.Bmp,01092021134503
SWP1-01092021134504-21.Bmp,01092021134504
SWP1-01092021134504-22.Bmp,01092021134504
SWP1-01092021134505-23.Bmp,01092021134505
SWP1-01092021134505-24.Bmp,01092021134505
SWP1-01092021134506-25.Bmp,01092021134506
SWP1-01092021134507-26.Bmp,01092021134507
SWP1-01092021134508-29.Bmp,01092021134508
SWP1-01092021134509-30.Bmp,01092021134509
SWP1-01092021134510-32.Bmp,01092021134510
SWP1-01092021134511-33.Bmp,01092021134511
SWP1-01092021134512-34.Bmp,01092021134512
SWP1-01092021134512-35.Bmp,01092021134512
SWP1-01092021134513-37.Bmp,01092021134513
SWP1-01092021134514-38.Bmp,01092021134514
SWP1-01092021134516-42.Bmp,01092021134516
SWP1-01092021134518-45.Bmp,01092021134518
SWP1-01092021134519-46.Bmp,01092021134519
SWP1-01092021134520-48.Bmp,01092021134520
SWP1-01092021134522-51.Bmp,01092021134522
SWP1-01092021134523-52.Bmp,01092021134523
SWP1-01092021134523-53.Bmp,01092021134523
SWP1-01092021134524-54.Bmp,01092021134524
SWP1-01092021134525-56.Bmp,01092021134525
SWP1-01092021134526-57.Bmp,01092021134526
SWP1-01092021134527-59.Bmp,01092021134527
SWP1-01092021134528-60.Bmp,01092021134528
SWP1-01092021134529-62.Bmp,01092021134529
SWP1-01092021134529-63.Bmp,01092021134529
SWP1-01092021134530-64.Bmp,01092021134530
SWP1-01092021134531-65.Bmp,01092021134531
SWP1-01092021134531-66.Bmp,01092021134531
SWP1-01092021134532-68.Bmp,01092021134532
SWP1-01092021134533-69.Bmp,01092021134533
SWP1-01092021134535-72.Bmp,01092021134535
SWP1-01092021134536-74.Bmp,01092021134536
SWP1-01092021134537-75.Bmp,01092021134537
SWP1-01092021134537-76.Bmp,01092021134537
SWP1-01092021134538-77.Bmp,01092021134538
SWP1-01092021134540-80.Bmp,01092021134540
SWP1-01092021134540-81.Bmp,01092021134540
SWP1-01092021134542-84.Bmp,01092021134542
SWP1-01092021134543-85.Bmp,01092021134543
SWP1-01092021134544-87.Bmp,01092021134544
SWP1-01092021134545-88.Bmp,01092021134545
SWP1-01092021134547-91.Bmp,01092021134547
SWP1-01092021134547-92.Bmp,01092021134547
SWP1-01092021134548-93.Bmp,01092021134548
SWP1-01092021134548-94.Bmp,01092021134548
SWP1-01092021134550-96.Bmp,01092021134550
SWP1-01092021134550-97.Bmp,01092021134550
SWP1-01092021134551-98.Bmp,01092021134551
SWP1-01092021134552-100.Bmp,01092021134552
SWP1-01092021134552-99.Bmp,01092021134552
SWP1-01092021134553-101.Bmp,01092021134553
SWP1-01092021134555-104.Bmp,01092021134555
SWP1-01092021134555-105.Bmp,01092021134555
SWP1-01092021134557-107.Bmp,01092021134557
SWP1-01092021134557-108.Bmp,01092021134557
SWP1-01092021134558-109.Bmp,01092021134558
SWP1-01092021134558-110.Bmp,01092021134558
SWP1-01092021134559-111.Bmp,01092021134559
SWP1-01092021134600-112.Bmp,01092021134600
SWP1-01092021134600-113.Bmp,01092021134600
SWP1-01092021134602-116.Bmp,01092021134602
SWP1-01092021134603-117.Bmp,01092021134603
SWP1-01092021134604-119.Bmp,01092021134604
SWP1-01092021134605-120.Bmp,01092021134605
SWP1-01092021134605-121.Bmp,01092021134605
SWP1-01092021134606-122.Bmp,01092021134606
SWP1-01092021134606-123.Bmp,01092021134606
SWP1-01092021134607-124.Bmp,01092021134607
SWP1-01092021134608-125.Bmp,01092021134608
SWP1-01092021134608-126.Bmp,01092021134608
SWP1-01092021134609-127.Bmp,01092021134609
SWP1-01092021134609-128.Bmp,01092021134609
SWP1-01092021134610-129.Bmp,01092021134610
SWP1-01092021134611-130.Bmp,01092021134611
SWP1-01092021134611-131.Bmp,01092021134611
SWP1-01092021134613-133.Bmp,01092021134613
SWP1-01092021134613-134.Bmp,01092021134613
SWP1-01092021134614-136.Bmp,01092021134614
SWP1-01092021134615-137.Bmp,01092021134615
SWP1-01092021134616-138.Bmp,01092021134616
SWP1-01092021134616-139.Bmp,01092021134616
SWP1-01092021134617-140.Bmp,01092021134617
SWP1-01092021134617-141.Bmp,01092021134617
SWP1-01092021134618-142.Bmp,01092021134618
SWP1-01092021134619-143.Bmp,01092021134619
SWP1-01092021134619-144.Bmp,01092021134619
SWP1-01092021134620-145.Bmp,01092021134620
SWP1-01092021134621-147.Bmp,01092021134621
SWP1-01092021134622-148.Bmp,01092021134622
SWP1-01092021134622-149.Bmp,01092021134622
SWP1-01092021134623-151.Bmp,01092021134623
SWP1-01092021134624-152.Bmp,01092021134624
SWP1-01092021134625-153.Bmp,01092021134625
SWP1-01092021134625-154.Bmp,01092021134625
SWP1-01092021134628-158.Bmp,01092021134628
SWP1-01092021134629-160.Bmp,01092021134629
SWP1-01092021134630-161.Bmp,01092021134630
SWP1-01092021134630-162.Bmp,01092021134630
SWP1-01092021134631-164.Bmp,01092021134631
SWP1-01092021134632-165.Bmp,01092021134632
SWP1-01092021134633-166.Bmp,01092021134633
SWP1-01092021134634-168.Bmp,01092021134634
SWP1-01092021134635-169.Bmp,01092021134635
SWP1-01092021134635-170.Bmp,01092021134635
SWP1-01092021134636-172.Bmp,01092021134636
SWP1-01092021134637-173.Bmp,01092021134637
SWP1-01092021134638-174.Bmp,01092021134638
SWP1-01092021134638-175.Bmp,01092021134638
SWP1-01092021134639-176.Bmp,01092021134639
SWP1-01092021134640-177.Bmp,01092021134640
SWP1-01092021134640-178.Bmp,01092021134640
SWP1-01092021134641-180.Bmp,01092021134641
SWP1-01092021134642-181.Bmp,01092021134642
SWP1-01092021134643-183.Bmp,01092021134643
SWP1-01092021134644-184.Bmp,01092021134644
SWP1-01092021134644-185.Bmp,01092021134644
SWP1-01092021134645-186.Bmp,01092021134645
SWP1-01092021134646-187.Bmp,01092021134646
SWP1-01092021134646-188.Bmp,01092021134646
SWP1-01092021134647-189.Bmp,01092021134647
SWP1-01092021134648-190.Bmp,01092021134648
SWP1-01092021134648-191.Bmp,01092021134648
SWP1-01092021134649-192.Bmp,01092021134649
SWP1-01092021134650-194.Bmp,01092021134650
SWP1-01092021134651-195.Bmp,01092021134651
SWP1-01092021134653-199.Bmp,01092021134653
SWP1-01092021134654-201.Bmp,01092021134654
SWP1-01092021134656-203.Bmp,01092021134656
SWP1-01092021134656-204.Bmp,01092021134656
SWP1-01092021134657-206.Bmp,01092021134657
SWP1-01092021134659-208.Bmp,01092021134659
SWP1-01092021134659-209.Bmp,01092021134659
SWP1-01092021134700-210.Bmp,01092021134700
SWP1-01092021134702-213.Bmp,01092021134702
SWP1-01092021134702-214.Bmp,01092021134702
SWP1-01092021134705-218.Bmp,01092021134705
SWP1-01092021134706-220.Bmp,01092021134706
SWP1-01092021134707-221.Bmp,01092021134707
SWP1-01092021134707-222.Bmp,01092021134707
SWP1-01092021134708-224.Bmp,01092021134708
SWP1-01092021134709-225.Bmp,01092021134709
SWP1-01092021134710-226.Bmp,01092021134710
SWP1-01092021134710-227.Bmp,01092021134710
SWP1-01092021134711-228.Bmp,01092021134711
SWP1-01092021134714-233.Bmp,01092021134714
SWP1-01092021134715-234.Bmp,01092021134715
SWP1-01092021134715-235.Bmp,01092021134715
SWP1-01092021134717-238.Bmp,01092021134717
SWP1-01092021134718-239.Bmp,01092021134718
SWP1-01092021134720-242.Bmp,01092021134720
SWP1-01092021134720-243.Bmp,01092021134720
SWP1-01092021134722-246.Bmp,01092021134722
SWP1-01092021134723-247.Bmp,01092021134723
SWP1-01092021134723-248.Bmp,01092021134723
SWP1-01092021134724-250.Bmp,01092021134724
SWP1-01092021134725-251.Bmp,01092021134725
SWP1-01092021134726-252.Bmp,01092021134726
SWP1-01092021134727-254.Bmp,01092021134727
SWP1-01092021134728-255.Bmp,01092021134728
SWP1-01092021134729-258.Bmp,01092021134729
SWP1-01092021134730-259.Bmp,01092021134730
SWP1-01092021134731-260.Bmp,01092021134731
SWP1-01092021134732-263.Bmp,01092021134732
SWP1-01092021134733-264.Bmp,01092021134733
SWP1-01092021134734-265.Bmp,01092021134734
SWP1-01092021134735-267.Bmp,01092021134735
SWP1-01092021134736-268.Bmp,01092021134736
SWP1-01092021134736-269.Bmp,01092021134736
SWP1-01092021134737-270.Bmp,01092021134737
SWP1-01092021134737-271.Bmp,01092021134737
SWP1-01092021134738-272.Bmp,01092021134738
SWP1-01092021134743-280.Bmp,01092021134743
SWP1-01092021134744-281.Bmp,01092021134744
SWP1-01092021134745-283.Bmp,01092021134745
SWP1-01092021134746-285.Bmp,01092021134746
SWP1-01092021134747-287.Bmp,01092021134747
SWP1-01092021134748-288.Bmp,01092021134748
SWP1-01092021134749-289.Bmp,01092021134749
SWP1-01092021134750-292.Bmp,01092021134750
SWP1-01092021134752-294.Bmp,01092021134752
SWP1-01092021134752-295.Bmp,01092021134752
SWP1-01092021134754-298.Bmp,01092021134754
SWP1-01092021134757-303.Bmp,01092021134757
SWP1-01092021134759-306.Bmp,01092021134759
SWP1-01092021134800-307.Bmp,01092021134800
SWP1-01092021134800-308.Bmp,01092021134800
SWP1-01092021134801-309.Bmp,01092021134801
SWP1-01092021134801-310.Bmp,01092021134801
SWP1-01092021134802-311.Bmp,01092021134802
SWP1-01092021134803-312.Bmp,01092021134803
SWP1-01092021134803-313.Bmp,01092021134803
SWP1-01092021134804-314.Bmp,01092021134804
SWP1-01092021134805-315.Bmp,01092021134805
SWP1-01092021134805-316.Bmp,01092021134805
SWP1-01092021134806-317.Bmp,01092021134806
SWP1-01092021134806-318.Bmp,01092021134806
SWP1-01092021134807-319.Bmp,01092021134807
SWP1-01092021134808-320.Bmp,01092021134808
SWP1-01092021134808-321.Bmp,01092021134808
SWP1-01092021134809-322.Bmp,01092021134809
SWP1-01092021134809-323.Bmp,01092021134809
SWP1-01092021134810-324.Bmp,01092021134810
SWP1-01092021134811-325.Bmp,01092021134811
SWP1-01092021134811-326.Bmp,01092021134811
SWP1-01092021134812-327.Bmp,01092021134812
SWP1-01092021134813-328.Bmp,01092021134813
SWP1-01092021134813-329.Bmp,01092021134813
SWP1-01092021134814-330.Bmp,01092021134814
SWP1-01092021134814-331.Bmp,01092021134814
SWP1-01092021134815-332.Bmp,01092021134815
SWP1-01092021134816-333.Bmp,01092021134816
SWP1-01092021134817-335.Bmp,01092021134817
SWP1-01092021134817-336.Bmp,01092021134817
SWP1-01092021134819-338.Bmp,01092021134819
SWP1-01092021134819-339.Bmp,01092021134819
SWP1-01092021134820-340.Bmp,01092021134820
SWP1-01092021134821-341.Bmp,01092021134821
SWP1-01092021134821-342.Bmp,01092021134821
SWP1-01092021134822-343.Bmp,01092021134822
SWP1-01092021134822-344.Bmp,01092021134822
SWP1-01092021134823-345.Bmp,01092021134823
SWP1-01092021134824-346.Bmp,01092021134824
SWP1-01092021134824-347.Bmp,01092021134824
SWP1-01092021134825-348.Bmp,01092021134825
SWP1-01092021134825-349.Bmp,01092021134825
SWP1-01092021134826-350.Bmp,01092021134826
SWP1-01092021134827-351.Bmp,01092021134827
SWP1-01092021134827-352.Bmp,01092021134827
SWP1-01092021134828-353.Bmp,01092021134828
SWP1-01092021134829-354.Bmp,01092021134829
SWP1-01092021134829-355.Bmp,01092021134829
SWP1-01092021134830-356.Bmp,01092021134830
SWP1-01092021134830-357.Bmp,01092021134830
SWP1-01092021134832-360.Bmp,01092021134832
SWP1-01092021134833-361.Bmp,01092021134833
SWP1-01092021134833-362.Bmp,01092021134833
SWP1-01092021134834-363.Bmp,01092021134834
SWP1-01092021134835-364.Bmp,01092021134835
SWP1-01092021134835-365.Bmp,01092021134835
SWP1-01092021134836-366.Bmp,01092021134836
SWP1-01092021134837-367.Bmp,01092021134837
SWP1-01092021134837-368.Bmp,01092021134837
SWP1-01092021134838-369.Bmp,01092021134838
SWP1-01092021134838-370.Bmp,01092021134838
SWP1-01092021134839-371.Bmp,01092021134839
SWP1-01092021134840-372.Bmp,01092021134840
SWP1-01092021134840-373.Bmp,01092021134840
SWP1-01092021134841-374.Bmp,01092021134841
SWP1-01092021134842-375.Bmp,01092021134842
SWP1-01092021134842-376.Bmp,01092021134842
SWP1-01092021134843-377.Bmp,01092021134843
SWP1-01092021134843-378.Bmp,01092021134843
SWP1-01092021134844-379.Bmp,01092021134844
SWP1-01092021134845-380.Bmp,01092021134845
SWP1-01092021134845-381.Bmp,01092021134845
SWP1-01092021134846-382.Bmp,01092021134846
SWP1-01092021134846-383.Bmp,01092021134846
SWP1-01092021134847-384.Bmp,01092021134847
SWP1-01092021134848-385.Bmp,01092021134848
SWP1-01092021134848-386.Bmp,01092021134848
SWP1-01092021134849-387.Bmp,01092021134849
SWP1-01092021134850-388.Bmp,01092021134850
SWP1-01092021134850-389.Bmp,01092021134850
SWP1-01092021134851-390.Bmp,01092021134851
SWP1-01092021134851-391.Bmp,01092021134851
SWP1-01092021134852-392.Bmp,01092021134852
SWP1-01092021134853-393.Bmp,01092021134853
SWP1-01092021134853-394.Bmp,01092021134853
SWP1-01092021134854-395.Bmp,01092021134854
SWP1-01092021134855-396.Bmp,01092021134855
SWP1-01092021134855-397.Bmp,01092021134855
SWP1-01092021134856-398.Bmp,01092021134856
SWP1-01092021134856-399.Bmp,01092021134856
SWP1-01092021134857-400.Bmp,01092021134857
SWP1-01092021134858-401.Bmp,01092021134858
SWP1-01092021134858-402.Bmp,01092021134858
SWP1-01092021134859-403.Bmp,01092021134859
SWP1-01092021134859-404.Bmp,01092021134859
SWP1-01092021134900-405.Bmp,01092021134900
SWP1-01092021134901-406.Bmp,01092021134901
SWP1-01092021134901-407.Bmp,01092021134901
SWP1-01092021134902-408.Bmp,01092021134902
SWP1-01092021134903-409.Bmp,01092021134903
SWP1-01092021134903-410.Bmp,01092021134903
SWP1-01092021134904-411.Bmp,01092021134904
SWP1-01092021134904-412.Bmp,01092021134904
SWP1-01092021134905-413.Bmp,01092021134905
SWP1-01092021134906-414.Bmp,01092021134906
SWP1-01092021134906-415.Bmp,01092021134906
SWP1-01092021134908-417.Bmp,01092021134908
SWP1-01092021134908-418.Bmp,01092021134908
SWP1-01092021134909-420.Bmp,01092021134909
SWP1-01092021134910-421.Bmp,01092021134910
SWP1-01092021134911-422.Bmp,01092021134911
SWP1-01092021134912-424.Bmp,01092021134912
SWP1-01092021134914-427.Bmp,01092021134914
SWP1-01092021134914-428.Bmp,01092021134914
SWP1-01092021134915-429.Bmp,01092021134915
SWP1-01092021134916-430.Bmp,01092021134916
SWP1-01092021134917-432.Bmp,01092021134917
SWP1-01092021134917-433.Bmp,01092021134917
SWP1-01092021134920-437.Bmp,01092021134920
SWP1-01092021134920-438.Bmp,01092021134920
SWP1-01092021134921-439.Bmp,01092021134921
SWP1-01092021134922-440.Bmp,01092021134922
SWP1-01092021134922-441.Bmp,01092021134922
SWP1-01092021134924-443.Bmp,01092021134924
SWP1-01092021134924-444.Bmp,01092021134924
SWP1-01092021134925-445.Bmp,01092021134925
SWP1-01092021134925-446.Bmp,01092021134925
SWP1-01092021134926-447.Bmp,01092021134926
SWP1-01092021134927-448.Bmp,01092021134927
SWP1-01092021134927-449.Bmp,01092021134927
SWP1-01092021134928-450.Bmp,01092021134928
SWP1-01092021134928-451.Bmp,01092021134928
SWP1-01092021134929-452.Bmp,01092021134929
SWP1-01092021134930-453.Bmp,01092021134930
SWP1-01092021134930-454.Bmp,01092021134930
SWP1-01092021134931-455.Bmp,01092021134931
SWP1-01092021134932-456.Bmp,01092021134932
SWP1-01092021134933-458.Bmp,01092021134933
SWP1-01092021134933-459.Bmp,01092021134933
SWP1-01092021134934-460.Bmp,01092021134934
SWP1-01092021134935-461.Bmp,01092021134935
SWP1-01092021134935-462.Bmp,01092021134935
SWP1-01092021134936-463.Bmp,01092021134936
SWP1-01092021134936-464.Bmp,01092021134936
SWP1-01092021134937-465.Bmp,01092021134937
SWP1-01092021134938-466.Bmp,01092021134938
SWP1-01092021134938-467.Bmp,01092021134938
SWP1-01092021134939-468.Bmp,01092021134939
SWP1-01092021134940-469.Bmp,01092021134940
SWP1-01092021134940-470.Bmp,01092021134940
SWP1-01092021134941-471.Bmp,01092021134941
SWP1-01092021134941-472.Bmp,01092021134941
SWP1-01092021134942-473.Bmp,01092021134942
SWP1-01092021134943-474.Bmp,01092021134943
SWP1-01092021134943-475.Bmp,01092021134943
SWP1-01092021134944-476.Bmp,01092021134944
SWP1-01092021134944-477.Bmp,01092021134944
SWP1-01092021134945-478.Bmp,01092021134945
SWP1-01092021134946-479.Bmp,01092021134946
SWP1-01092021134946-480.Bmp,01092021134946
SWP1-01092021134947-481.Bmp,01092021134947
SWP1-01092021134948-482.Bmp,01092021134948
SWP1-01092021134948-483.Bmp,01092021134948
SWP1-01092021134949-484.Bmp,01092021134949
SWP1-01092021134949-485.Bmp,01092021134949
SWP1-01092021134950-486.Bmp,01092021134950
SWP1-01092021134951-487.Bmp,01092021134951
SWP1-01092021134951-488.Bmp,01092021134951
SWP1-01092021134952-489.Bmp,01092021134952
SWP1-01092021134952-490.Bmp,01092021134952
SWP1-01092021134953-491.Bmp,01092021134953
SWP1-01092021134954-492.Bmp,01092021134954
SWP1-01092021134955-494.Bmp,01092021134955
SWP1-01092021134956-495.Bmp,01092021134956
SWP1-01092021134956-496.Bmp,01092021134956
SWP1-01092021134957-497.Bmp,01092021134957
SWP1-01092021134958-499.Bmp,01092021134958
SWP1-01092021134959-500.Bmp,01092021134959
SWP1-01092021135000-502.Bmp,01092021135000
SWP1-01092021135000-503.Bmp,01092021135000
SWP1-01092021135001-504.Bmp,01092021135001
SWP1-01092021135002-505.Bmp,01092021135002
SWP1-01092021135002-506.Bmp,01092021135002
SWP1-01092021135003-507.Bmp,01092021135003
SWP1-01092021135004-508.Bmp,01092021135004
SWP1-01092021135004-509.Bmp,01092021135004
SWP1-01092021135005-510.Bmp,01092021135005
SWP1-01092021135005-511.Bmp,01092021135005
SWP1-01092021135006-512.Bmp,01092021135006
SWP1-01092021135007-513.Bmp,01092021135007
SWP1-01092021135007-514.Bmp,01092021135007
SWP1-01092021135008-515.Bmp,01092021135008
SWP1-01092021135008-516.Bmp,01092021135008
SWP1-01092021135009-517.Bmp,01092021135009
SWP1-01092021135010-518.Bmp,01092021135010
SWP1-01092021135010-519.Bmp,01092021135010
SWP1-01092021135011-520.Bmp,01092021135011
SWP1-01092021135012-521.Bmp,01092021135012
SWP1-01092021135012-522.Bmp,01092021135012
SWP1-01092021135013-523.Bmp,01092021135013
SWP1-01092021135013-524.Bmp,01092021135013
SWP1-01092021135014-525.Bmp,01092021135014
SWP1-01092021135015-526.Bmp,01092021135015
SWP1-01092021135015-527.Bmp,01092021135015
SWP1-01092021135016-528.Bmp,01092021135016
SWP1-01092021135016-529.Bmp,01092021135016
SWP1-01092021135017-530.Bmp,01092021135017
SWP1-01092021135018-531.Bmp,01092021135018
SWP1-01092021135018-532.Bmp,01092021135018
SWP1-01092021135019-533.Bmp,01092021135019
SWP1-01092021135020-534.Bmp,01092021135020
SWP1-01092021135020-535.Bmp,01092021135020
SWP1-01092021135021-536.Bmp,01092021135021
SWP1-01092021135021-537.Bmp,01092021135021
SWP1-01092021135022-538.Bmp,01092021135022
SWP1-01092021135023-539.Bmp,01092021135023
SWP1-01092021135023-540.Bmp,01092021135023
SWP1-01092021135025-542.Bmp,01092021135025
SWP1-01092021135025-543.Bmp,01092021135025
SWP1-01092021135026-544.Bmp,01092021135026
SWP1-01092021135026-545.Bmp,01092021135026
SWP1-01092021135027-546.Bmp,01092021135027
SWP1-01092021135028-547.Bmp,01092021135028
SWP1-01092021135028-548.Bmp,01092021135028
SWP1-01092021135029-549.Bmp,01092021135029
SWP1-01092021135029-550.Bmp,01092021135029
SWP1-01092021135030-551.Bmp,01092021135030
SWP1-01092021135031-552.Bmp,01092021135031
SWP1-01092021135031-553.Bmp,01092021135031
SWP1-01092021135032-554.Bmp,01092021135032
SWP1-01092021135033-555.Bmp,01092021135033
SWP1-01092021135033-556.Bmp,01092021135033
SWP1-01092021135034-557.Bmp,01092021135034
SWP1-01092021135034-558.Bmp,01092021135034
SWP1-01092021135035-559.Bmp,01092021135035
SWP1-01092021135036-560.Bmp,01092021135036
SWP1-01092021135036-561.Bmp,01092021135036
SWP1-01092021135037-562.Bmp,01092021135037
SWP1-01092021135037-563.Bmp,01092021135037
SWP1-01092021135038-564.Bmp,01092021135038
SWP1-01092021135039-565.Bmp,01092021135039
SWP1-01092021135039-566.Bmp,01092021135039
SWP1-01092021135040-567.Bmp,01092021135040
SWP1-01092021135041-568.Bmp,01092021135041
SWP1-01092021135041-569.Bmp,01092021135041
SWP1-01092021135042-570.Bmp,01092021135042
SWP1-01092021135042-571.Bmp,01092021135042
SWP1-01092021135043-572.Bmp,01092021135043
SWP1-01092021135044-573.Bmp,01092021135044
SWP1-01092021135044-574.Bmp,01092021135044
SWP1-01092021135045-575.Bmp,01092021135045
SWP1-01092021135045-576.Bmp,01092021135045
SWP1-01092021135046-577.Bmp,01092021135046
SWP1-01092021135047-578.Bmp,01092021135047
SWP1-01092021135047-579.Bmp,01092021135047
SWP1-01092021135048-580.Bmp,01092021135048
SWP1-01092021135049-581.Bmp,01092021135049
SWP1-01092021135049-582.Bmp,01092021135049
SWP1-01092021135050-583.Bmp,01092021135050
SWP1-01092021135050-584.Bmp,01092021135050
SWP1-01092021135051-585.Bmp,01092021135051
SWP1-01092021135052-586.Bmp,01092021135052
SWP1-01092021135052-587.Bmp,01092021135052
SWP1-01092021135053-588.Bmp,01092021135053
SWP1-01092021135053-589.Bmp,01092021135053
SWP1-01092021135054-590.Bmp,01092021135054
SWP1-01092021135055-591.Bmp,01092021135055
SWP1-01092021135055-592.Bmp,01092021135055
SWP1-01092021135056-593.Bmp,01092021135056
SWP1-01092021135057-594.Bmp,01092021135057
SWP1-01092021135057-595.Bmp,01092021135057
SWP1-01092021135058-596.Bmp,01092021135058
SWP1-01092021135058-597.Bmp,01092021135058
SWP1-01092021135059-598.Bmp,01092021135059
SWP1-01092021135100-599.Bmp,01092021135100
SWP1-01092021135100-600.Bmp,01092021135100
SWP1-01092021135101-601.Bmp,01092021135101
SWP1-01092021135102-603.Bmp,01092021135102
SWP1-01092021135103-604.Bmp,01092021135103
SWP1-01092021135103-605.Bmp,01092021135103
SWP1-01092021135104-606.Bmp,01092021135104
SWP1-01092021135105-607.Bmp,01092021135105
SWP1-01092021135105-608.Bmp,01092021135105
SWP1-01092021135106-609.Bmp,01092021135106
SWP1-01092021135107-611.Bmp,01092021135107
SWP1-01092021135108-612.Bmp,01092021135108
SWP1-01092021135108-613.Bmp,01092021135108
SWP1-01092021135109-614.Bmp,01092021135109
SWP1-01092021135109-615.Bmp,01092021135109
SWP1-01092021135110-616.Bmp,01092021135110
SWP1-01092021135111-617.Bmp,01092021135111
SWP1-01092021135111-618.Bmp,01092021135111
SWP1-01092021135112-619.Bmp,01092021135112
SWP1-01092021135113-621.Bmp,01092021135113
SWP1-01092021135114-622.Bmp,01092021135114
SWP1-01092021135114-623.Bmp,01092021135114
SWP1-01092021135116-625.Bmp,01092021135116
SWP1-01092021135116-626.Bmp,01092021135116
SWP1-01092021135117-627.Bmp,01092021135117
SWP1-01092021135117-628.Bmp,01092021135117
SWP1-01092021135118-629.Bmp,01092021135118
SWP1-01092021135119-630.Bmp,01092021135119
SWP1-01092021135119-631.Bmp,01092021135119
SWP1-01092021135120-632.Bmp,01092021135120
SWP1-01092021135121-633.Bmp,01092021135121
SWP1-01092021135121-634.Bmp,01092021135121
SWP1-01092021135122-635.Bmp,01092021135122
SWP1-01092021135122-636.Bmp,01092021135122
SWP1-01092021135123-637.Bmp,01092021135123
SWP1-01092021135124-638.Bmp,01092021135124
SWP1-01092021135124-639.Bmp,01092021135124
SWP1-01092021135125-640.Bmp,01092021135125
SWP1-01092021135126-641.Bmp,01092021135126
SWP1-01092021135126-642.Bmp,01092021135126
SWP1-01092021135127-643.Bmp,01092021135127
SWP1-01092021135127-644.Bmp,01092021135127
SWP1-01092021135128-645.Bmp,01092021135128
SWP1-01092021135129-646.Bmp,01092021135129
SWP1-01092021135129-647.Bmp,01092021135129
SWP1-01092021135130-648.Bmp,01092021135130
SWP1-01092021135130-649.Bmp,01092021135130
SWP1-01092021135131-650.Bmp,01092021135131
SWP1-01092021135132-651.Bmp,01092021135132
SWP1-01092021135132-652.Bmp,01092021135132
SWP1-01092021135133-653.Bmp,01092021135133
SWP1-01092021135134-654.Bmp,01092021135134
SWP1-01092021135134-655.Bmp,01092021135134
SWP1-01092021135135-656.Bmp,01092021135135
SWP1-01092021135135-657.Bmp,01092021135135
SWP1-01092021135136-658.Bmp,01092021135136
SWP1-01092021135137-659.Bmp,01092021135137
SWP1-01092021135137-660.Bmp,01092021135137
SWP1-01092021135138-661.Bmp,01092021135138
SWP1-01092021135138-662.Bmp,01092021135138
SWP1-01092021135139-663.Bmp,01092021135139
SWP1-01092021135140-664.Bmp,01092021135140
SWP1-01092021135141-666.Bmp,01092021135141
SWP1-01092021135142-667.Bmp,01092021135142
SWP1-01092021135142-668.Bmp,01092021135142
SWP1-01092021135143-669.Bmp,01092021135143
SWP1-01092021135143-670.Bmp,01092021135143
SWP1-01092021135144-671.Bmp,01092021135144
SWP1-01092021135145-672.Bmp,01092021135145
SWP1-01092021135145-673.Bmp,01092021135145
SWP1-01092021135146-674.Bmp,01092021135146
SWP1-01092021135146-675.Bmp,01092021135146
SWP1-01092021135147-676.Bmp,01092021135147
SWP1-01092021135148-677.Bmp,01092021135148
SWP1-01092021135148-678.Bmp,01092021135148
SWP1-01092021135149-679.Bmp,01092021135149
SWP1-01092021135150-680.Bmp,01092021135150
SWP1-01092021135150-681.Bmp,01092021135150
SWP1-01092021135151-682.Bmp,01092021135151
SWP1-01092021135151-683.Bmp,01092021135151
SWP1-01092021135152-684.Bmp,01092021135152
SWP1-01092021135153-685.Bmp,01092021135153
SWP1-01092021135153-686.Bmp,01092021135153
SWP1-01092021135154-687.Bmp,01092021135154
SWP1-01092021135154-688.Bmp,01092021135154
SWP1-01092021135155-689.Bmp,01092021135155
SWP1-01092021135156-690.Bmp,01092021135156
SWP1-01092021135156-691.Bmp,01092021135156
SWP1-01092021135157-692.Bmp,01092021135157
SWP1-01092021135158-693.Bmp,01092021135158
SWP1-01092021135158-694.Bmp,01092021135158
SWP1-01092021135159-695.Bmp,01092021135159
SWP1-01092021135159-696.Bmp,01092021135159
SWP1-01092021135200-697.Bmp,01092021135200
SWP1-01092021135201-698.Bmp,01092021135201
SWP1-01092021135201-699.Bmp,01092021135201
SWP1-01092021135202-700.Bmp,01092021135202
SWP1-01092021135202-701.Bmp,01092021135202
SWP1-01092021135203-702.Bmp,01092021135203
SWP1-01092021135204-703.Bmp,01092021135204
SWP1-01092021135204-704.Bmp,01092021135204
SWP1-01092021135205-705.Bmp,01092021135205
SWP1-01092021135206-706.Bmp,01092021135206
SWP1-01092021135206-707.Bmp,01092021135206
SWP1-01092021135207-708.Bmp,01092021135207
SWP1-01092021135207-709.Bmp,01092021135207
SWP1-01092021135208-710.Bmp,01092021135208
SWP1-01092021135209-712.Bmp,01092021135209
SWP1-01092021135210-713.Bmp,01092021135210
SWP1-01092021135210-714.Bmp,01092021135210
SWP1-01092021135211-715.Bmp,01092021135211
SWP1-01092021135212-716.Bmp,01092021135212
SWP1-01092021135212-717.Bmp,01092021135212
SWP1-01092021135213-718.Bmp,01092021135213
SWP1-01092021135214-719.Bmp,01092021135214
SWP1-01092021135214-720.Bmp,01092021135214
SWP1-01092021135215-721.Bmp,01092021135215
SWP1-01092021135216-723.Bmp,01092021135216
SWP1-01092021135217-724.Bmp,01092021135217
SWP1-01092021135217-725.Bmp,01092021135217
SWP1-01092021135218-726.Bmp,01092021135218
SWP1-01092021135218-727.Bmp,01092021135218
SWP1-01092021135219-728.Bmp,01092021135219
SWP1-01092021135220-729.Bmp,01092021135220
SWP1-01092021135220-730.Bmp,01092021135220
SWP1-01092021135221-731.Bmp,01092021135221
SWP1-01092021135222-732.Bmp,01092021135222
SWP1-01092021135222-733.Bmp,01092021135222
SWP1-01092021135223-734.Bmp,01092021135223
SWP1-01092021135223-735.Bmp,01092021135223
SWP1-01092021135224-736.Bmp,01092021135224
SWP1-01092021135225-738.Bmp,01092021135225
SWP1-01092021135226-739.Bmp,01092021135226
SWP1-01092021135227-740.Bmp,01092021135227
SWP1-01092021135227-741.Bmp,01092021135227
SWP1-01092021135228-742.Bmp,01092021135228
SWP1-01092021135228-743.Bmp,01092021135228
SWP1-01092021135229-744.Bmp,01092021135229
SWP1-01092021135230-745.Bmp,01092021135230
SWP1-01092021135230-746.Bmp,01092021135230
SWP1-01092021135231-747.Bmp,01092021135231
SWP1-01092021135232-749.Bmp,01092021135232
SWP1-01092021135233-750.Bmp,01092021135233
SWP1-01092021135234-752.Bmp,01092021135234
SWP1-01092021135235-753.Bmp,01092021135235
SWP1-01092021135235-754.Bmp,01092021135235
SWP1-01092021135236-755.Bmp,01092021135236
SWP1-01092021135237-757.Bmp,01092021135237
SWP1-01092021135238-758.Bmp,01092021135238
SWP1-01092021135238-759.Bmp,01092021135238
SWP1-01092021135239-760.Bmp,01092021135239
SWP1-01092021135240-762.Bmp,01092021135240
SWP1-01092021135241-763.Bmp,01092021135241
SWP1-01092021135241-764.Bmp,01092021135241
SWP1-01092021135242-765.Bmp,01092021135242
SWP1-01092021135243-766.Bmp,01092021135243
SWP1-01092021135243-767.Bmp,01092021135243
SWP1-01092021135244-768.Bmp,01092021135244
SWP1-01092021135246-771.Bmp,01092021135246
SWP1-01092021135246-772.Bmp,01092021135246
SWP1-01092021135247-774.Bmp,01092021135247
SWP1-01092021135248-775.Bmp,01092021135248
SWP1-01092021135249-776.Bmp,01092021135249
SWP1-01092021135250-778.Bmp,01092021135250
SWP1-01092021135251-779.Bmp,01092021135251
SWP1-01092021135251-780.Bmp,01092021135251
SWP1-01092021135252-782.Bmp,01092021135252
SWP1-01092021135253-783.Bmp,01092021135253
SWP1-01092021135255-786.Bmp,01092021135255
SWP1-01092021135255-787.Bmp,01092021135255
SWP1-01092021135257-790.Bmp,01092021135257
SWP1-01092021135258-791.Bmp,01092021135258
SWP1-01092021135300-794.Bmp,01092021135300
SWP1-01092021135300-795.Bmp,01092021135300
SWP1-01092021135301-796.Bmp,01092021135301
SWP1-01092021135302-797.Bmp,01092021135302
SWP1-01092021135302-798.Bmp,01092021135302
SWP1-01092021135303-799.Bmp,01092021135303
SWP1-01092021135303-800.Bmp,01092021135303
SWP1-01092021135305-802.Bmp,01092021135305
SWP1-01092021135305-803.Bmp,01092021135305
SWP1-01092021135306-804.Bmp,01092021135306
SWP1-01092021135307-806.Bmp,01092021135307
SWP1-01092021135308-807.Bmp,01092021135308
SWP1-01092021135308-808.Bmp,01092021135308
SWP1-01092021135309-809.Bmp,01092021135309
SWP1-01092021135310-810.Bmp,01092021135310
SWP1-01092021135310-811.Bmp,01092021135310
SWP1-01092021135311-812.Bmp,01092021135311
SWP1-01092021135311-813.Bmp,01092021135311
SWP1-01092021135312-814.Bmp,01092021135312
SWP1-01092021135313-815.Bmp,01092021135313
SWP1-01092021135313-816.Bmp,01092021135313
SWP1-01092021135314-817.Bmp,01092021135314
SWP1-01092021135315-818.Bmp,01092021135315
SWP1-01092021135315-819.Bmp,01092021135315
SWP1-01092021135316-820.Bmp,01092021135316
SWP1-01092021135317-822.Bmp,01092021135317
SWP1-01092021135318-823.Bmp,01092021135318
SWP1-01092021135318-824.Bmp,01092021135318
SWP1-01092021135319-825.Bmp,01092021135319
SWP1-01092021135319-826.Bmp,01092021135319
SWP1-01092021135320-827.Bmp,01092021135320
SWP1-01092021135321-828.Bmp,01092021135321
SWP1-01092021135321-829.Bmp,01092021135321
SWP1-01092021135322-830.Bmp,01092021135322
SWP1-01092021135323-831.Bmp,01092021135323
SWP1-01092021135323-832.Bmp,01092021135323
SWP1-01092021135324-833.Bmp,01092021135324
SWP1-01092021135324-834.Bmp,01092021135324
SWP1-01092021135326-836.Bmp,01092021135326
SWP1-01092021135326-837.Bmp,01092021135326
SWP1-01092021135327-838.Bmp,01092021135327
SWP1-01092021135327-839.Bmp,01092021135327
SWP1-01092021135328-840.Bmp,01092021135328
SWP1-01092021135329-841.Bmp,01092021135329
SWP1-01092021135329-842.Bmp,01092021135329
SWP1-01092021135331-844.Bmp,01092021135331
SWP1-01092021135331-845.Bmp,01092021135331
SWP1-01092021135332-846.Bmp,01092021135332
SWP1-01092021135332-847.Bmp,01092021135332
SWP1-01092021135334-849.Bmp,01092021135334
SWP1-01092021135334-850.Bmp,01092021135334
SWP1-01092021135335-851.Bmp,01092021135335
SWP1-01092021135335-852.Bmp,01092021135335
SWP1-01092021135336-853.Bmp,01092021135336
SWP1-01092021135337-854.Bmp,01092021135337
SWP1-01092021135337-855.Bmp,01092021135337
SWP1-01092021135339-857.Bmp,01092021135339
SWP1-01092021135339-858.Bmp,01092021135339
SWP1-01092021135340-859.Bmp,01092021135340
SWP1-01092021135340-860.Bmp,01092021135340
SWP1-01092021135341-861.Bmp,01092021135341
SWP1-01092021135342-862.Bmp,01092021135342
SWP1-01092021135342-863.Bmp,01092021135342
SWP1-01092021135343-864.Bmp,01092021135343
SWP1-01092021135344-865.Bmp,01092021135344
SWP1-01092021135345-867.Bmp,01092021135345
SWP1-01092021135345-868.Bmp,01092021135345
SWP1-01092021135346-869.Bmp,01092021135346
SWP1-01092021135347-870.Bmp,01092021135347
SWP1-01092021135347-871.Bmp,01092021135347
SWP1-01092021135348-872.Bmp,01092021135348
SWP1-01092021135348-873.Bmp,01092021135348
SWP1-01092021135349-874.Bmp,01092021135349
SWP1-01092021135350-875.Bmp,01092021135350
SWP1-01092021135350-876.Bmp,01092021135350
SWP1-01092021135351-877.Bmp,01092021135351
SWP1-01092021135352-878.Bmp,01092021135352
SWP1-01092021135352-879.Bmp,01092021135352
SWP1-01092021135353-880.Bmp,01092021135353
SWP1-01092021135353-881.Bmp,01092021135353
SWP1-01092021135354-882.Bmp,01092021135354
SWP1-01092021135355-883.Bmp,01092021135355
SWP1-01092021135355-884.Bmp,01092021135355
SWP1-01092021135356-885.Bmp,01092021135356
SWP1-01092021135356-886.Bmp,01092021135356
SWP1-01092021135358-888.Bmp,01092021135358
SWP1-01092021135358-889.Bmp,01092021135358
SWP1-01092021135359-890.Bmp,01092021135359
SWP1-01092021135400-891.Bmp,01092021135400
SWP1-01092021135400-892.Bmp,01092021135400
SWP1-01092021135401-893.Bmp,01092021135401
SWP1-01092021135401-894.Bmp,01092021135401
SWP1-01092021135402-895.Bmp,01092021135402
SWP1-01092021135403-896.Bmp,01092021135403
SWP1-01092021135403-897.Bmp,01092021135403
SWP1-01092021135404-898.Bmp,01092021135404
SWP1-01092021135404-899.Bmp,01092021135404
SWP1-01092021135405-900.Bmp,01092021135405
SWP1-01092021135406-901.Bmp,01092021135406
SWP1-01092021135406-902.Bmp,01092021135406
SWP1-01092021135407-903.Bmp,01092021135407
SWP1-01092021135408-904.Bmp,01092021135408
SWP1-01092021135408-905.Bmp,01092021135408
SWP1-01092021135409-906.Bmp,01092021135409
SWP1-01092021135409-907.Bmp,01092021135409
SWP1-01092021135410-908.Bmp,01092021135410
SWP1-01092021135411-909.Bmp,01092021135411
SWP1-01092021135411-910.Bmp,01092021135411
SWP1-01092021135412-911.Bmp,01092021135412
SWP1-01092021135412-912.Bmp,01092021135412
SWP1-01092021135413-913.Bmp,01092021135413
SWP1-01092021135414-914.Bmp,01092021135414
SWP1-01092021135414-915.Bmp,01092021135414
SWP1-01092021135415-916.Bmp,01092021135415
SWP1-01092021135416-917.Bmp,01092021135416
SWP1-01092021135416-918.Bmp,01092021135416
SWP1-01092021135417-919.Bmp,01092021135417
SWP1-01092021135417-920.Bmp,01092021135417
SWP1-01092021135418-921.Bmp,01092021135418
SWP1-01092021135419-922.Bmp,01092021135419
SWP1-01092021135419-923.Bmp,01092021135419
SWP1-01092021135420-924.Bmp,01092021135420
SWP1-01092021135420-925.Bmp,01092021135420
SWP1-01092021135421-926.Bmp,01092021135421
SWP1-01092021135422-927.Bmp,01092021135422
SWP1-01092021135422-928.Bmp,01092021135422
SWP1-01092021135423-929.Bmp,01092021135423
SWP1-01092021135424-930.Bmp,01092021135424
SWP1-01092021135424-931.Bmp,01092021135424
SWP1-01092021135425-932.Bmp,01092021135425
SWP1-01092021135425-933.Bmp,01092021135425
SWP1-01092021135426-934.Bmp,01092021135426
SWP1-01092021135427-935.Bmp,01092021135427
SWP1-01092021135427-936.Bmp,01092021135427
SWP1-01092021135428-937.Bmp,01092021135428
SWP1-01092021135428-938.Bmp,01092021135428
SWP1-01092021135429-939.Bmp,01092021135429
SWP1-01092021135430-940.Bmp,01092021135430
SWP1-01092021135430-941.Bmp,01092021135430
SWP1-01092021135431-942.Bmp,01092021135431
SWP1-01092021135432-943.Bmp,01092021135432
SWP1-01092021135432-944.Bmp,01092021135432
SWP1-01092021135433-945.Bmp,01092021135433
SWP1-01092021135433-946.Bmp,01092021135433
SWP1-01092021135434-947.Bmp,01092021135434
SWP1-01092021135435-948.Bmp,01092021135435
SWP1-01092021135435-949.Bmp,01092021135435
SWP1-01092021135436-950.Bmp,01092021135436
SWP1-01092021135436-951.Bmp,01092021135436
SWP1-01092021135437-952.Bmp,01092021135437
SWP1-01092021135438-953.Bmp,01092021135438
SWP1-01092021135438-954.Bmp,01092021135438
SWP1-01092021135439-955.Bmp,01092021135439
SWP1-01092021135440-956.Bmp,01092021135440
SWP1-01092021135440-957.Bmp,01092021135440
SWP1-01092021135441-958.Bmp,01092021135441
SWP1-01092021135441-959.Bmp,01092021135441
SWP1-01092021135442-960.Bmp,01092021135442
SWP1-01092021135443-961.Bmp,01092021135443
SWP1-01092021135443-962.Bmp,01092021135443
SWP1-01092021135444-963.Bmp,01092021135444
SWP1-01092021135444-964.Bmp,01092021135444
SWP1-01092021135445-965.Bmp,01092021135445
SWP1-01092021135446-966.Bmp,01092021135446
SWP1-01092021135446-967.Bmp,01092021135446
SWP1-01092021135447-968.Bmp,01092021135447
SWP1-01092021135448-969.Bmp,01092021135448
SWP1-01092021135448-970.Bmp,01092021135448
SWP1-01092021135449-972.Bmp,01092021135449
SWP1-01092021135450-973.Bmp,01092021135450
SWP1-01092021135451-975.Bmp,01092021135451
SWP1-01092021135452-976.Bmp,01092021135452
SWP1-01092021135453-978.Bmp,01092021135453
SWP1-01092021135454-979.Bmp,01092021135454
SWP1-01092021135454-980.Bmp,01092021135454
SWP1-01092021135455-981.Bmp,01092021135455
SWP1-01092021135456-982.Bmp,01092021135456
SWP1-01092021135456-983.Bmp,01092021135456
SWP1-01092021135457-984.Bmp,01092021135457
SWP1-01092021135457-985.Bmp,01092021135457
SWP1-01092021135459-987.Bmp,01092021135459
SWP1-01092021135459-988.Bmp,01092021135459
SWP1-01092021135500-989.Bmp,01092021135500
SWP1-01092021135501-990.Bmp,01092021135501
SWP1-01092021135501-991.Bmp,01092021135501
SWP1-01092021135502-992.Bmp,01092021135502
SWP1-01092021135502-993.Bmp,01092021135502
SWP1-01092021135503-994.Bmp,01092021135503
SWP1-01092021135504-995.Bmp,01092021135504
SWP1-01092021135504-996.Bmp,01092021135504
SWP1-01092021135505-997.Bmp,01092021135505
SWP1-01092021135507-1001.Bmp,01092021135507
SWP1-01092021135509-1003.Bmp,01092021135509
SWP1-01092021135509-1004.Bmp,01092021135509
SWP1-01092021135510-1005.Bmp,01092021135510
SWP1-01092021135511-1007.Bmp,01092021135511
SWP1-01092021135512-1008.Bmp,01092021135512
SWP1-01092021135524-1028.Bmp,01092021135524
SWP1-01092021135525-1029.Bmp,01092021135525
SWP1-01092021135526-1031.Bmp,01092021135526
SWP1-01092021135526-1032.Bmp,01092021135526
SWP1-01092021135528-1034.Bmp,01092021135528
SWP1-01092021135528-1035.Bmp,01092021135528
SWP1-01092021135529-1036.Bmp,01092021135529
SWP1-01092021135529-1037.Bmp,01092021135529
SWP1-01092021135530-1038.Bmp,01092021135530
SWP1-01092021135533-1043.Bmp,01092021135533
SWP1-01092021135535-1046.Bmp,01092021135535
SWP1-01092021135541-1055.Bmp,01092021135541
SWP1-01092021135542-1058.Bmp,01092021135542
SWP1-01092021135543-1059.Bmp,01092021135543
SWP1-01092021135544-1061.Bmp,01092021135544
SWP1-01092021135545-1062.Bmp,01092021135545
SWP1-01092021135547-1066.Bmp,01092021135547
SWP1-01092021135548-1067.Bmp,01092021135548
SWP1-01092021135549-1069.Bmp,01092021135549
SWP1-01092021135550-1070.Bmp,01092021135550
SWP1-01092021135550-1071.Bmp,01092021135550
SWP1-01092021135552-1074.Bmp,01092021135552
SWP1-01092021135553-1075.Bmp,01092021135553
SWP1-01092021135553-1076.Bmp,01092021135553
SWP1-01092021135555-1078.Bmp,01092021135555
SWP1-01092021135557-1081.Bmp,01092021135557
SWP1-01092021135557-1082.Bmp,01092021135557
SWP1-01092021135559-1085.Bmp,01092021135559
SWP1-01092021135600-1086.Bmp,01092021135600
SWP1-01092021135602-1090.Bmp,01092021135602
SWP1-01092021135604-1093.Bmp,01092021135604
SWP1-01092021135604-1094.Bmp,01092021135604
SWP1-01092021135606-1097.Bmp,01092021135606
SWP1-01092021135608-1100.Bmp,01092021135608
SWP1-01092021135609-1101.Bmp,01092021135609
SWP1-01092021135610-1103.Bmp,01092021135610
SWP1-01092021135611-1104.Bmp,01092021135611
SWP1-01092021135611-1105.Bmp,01092021135611
SWP1-01092021135612-1106.Bmp,01092021135612
SWP1-01092021135612-1107.Bmp,01092021135612
SWP1-01092021135613-1108.Bmp,01092021135613
SWP1-01092021135614-1110.Bmp,01092021135614
SWP1-01092021135615-1111.Bmp,01092021135615
SWP1-01092021135616-1112.Bmp,01092021135616
SWP1-01092021135617-1115.Bmp,01092021135617
SWP1-01092021135618-1116.Bmp,01092021135618
SWP1-01092021135619-1117.Bmp,01092021135619
SWP1-01092021135619-1118.Bmp,01092021135619
SWP1-01092021135620-1119.Bmp,01092021135620
SWP1-01092021135621-1121.Bmp,01092021135621
SWP1-01092021135622-1122.Bmp,01092021135622
SWP1-01092021135624-1125.Bmp,01092021135624
SWP1-01092021135624-1126.Bmp,01092021135624
SWP1-01092021135625-1127.Bmp,01092021135625
SWP1-01092021135625-1128.Bmp,01092021135625
SWP1-01092021135626-1129.Bmp,01092021135626
SWP1-01092021135627-1131.Bmp,01092021135627
SWP1-01092021135628-1132.Bmp,01092021135628
SWP1-01092021135628-1133.Bmp,01092021135628
SWP1-01092021135629-1134.Bmp,01092021135629
SWP1-01092021135630-1135.Bmp,01092021135630
SWP1-01092021135630-1136.Bmp,01092021135630
SWP1-01092021135632-1139.Bmp,01092021135632
SWP1-01092021135633-1140.Bmp,01092021135633
SWP1-01092021135634-1142.Bmp,01092021135634
SWP1-01092021135635-1143.Bmp,01092021135635
SWP1-01092021135636-1145.Bmp,01092021135636
SWP1-01092021135637-1146.Bmp,01092021135637
SWP1-01092021135637-1147.Bmp,01092021135637
SWP1-01092021135638-1149.Bmp,01092021135638
SWP1-01092021135639-1150.Bmp,01092021135639
SWP1-01092021135640-1152.Bmp,01092021135640
SWP1-01092021135641-1153.Bmp,01092021135641
SWP1-01092021135643-1156.Bmp,01092021135643
SWP1-01092021135643-1157.Bmp,01092021135643
SWP1-01092021135644-1158.Bmp,01092021135644
SWP1-01092021135646-1161.Bmp,01092021135646
SWP1-01092021135647-1163.Bmp,01092021135647
SWP1-01092021135648-1165.Bmp,01092021135648
SWP1-01092021135649-1166.Bmp,01092021135649
SWP1-01092021135650-1168.Bmp,01092021135650
SWP1-01092021135651-1169.Bmp,01092021135651
SWP1-01092021135651-1170.Bmp,01092021135651
SWP1-01092021135653-1172.Bmp,01092021135653
SWP1-01092021135653-1173.Bmp,01092021135653
SWP1-01092021135654-1174.Bmp,01092021135654
SWP1-01092021135654-1175.Bmp,01092021135654
SWP1-01092021135656-1178.Bmp,01092021135656
SWP1-01092021135657-1179.Bmp,01092021135657
SWP1-01092021135657-1180.Bmp,01092021135657
SWP1-01092021135658-1181.Bmp,01092021135658
SWP1-01092021135659-1182.Bmp,01092021135659
SWP1-01092021135659-1183.Bmp,01092021135659
SWP1-01092021135701-1185.Bmp,01092021135701
SWP1-01092021135701-1186.Bmp,01092021135701
SWP1-01092021135702-1187.Bmp,01092021135702
SWP1-01092021135702-1188.Bmp,01092021135702
SWP1-01092021135704-1190.Bmp,01092021135704
SWP1-01092021135704-1191.Bmp,01092021135704
SWP1-01092021135705-1192.Bmp,01092021135705
SWP1-01092021135705-1193.Bmp,01092021135705
SWP1-01092021135707-1195.Bmp,01092021135707
SWP1-01092021135707-1196.Bmp,01092021135707
SWP1-01092021135709-1199.Bmp,01092021135709
SWP1-01092021135710-1200.Bmp,01092021135710
SWP1-01092021135712-1203.Bmp,01092021135712
SWP1-01092021135712-1204.Bmp,01092021135712
SWP1-01092021135713-1205.Bmp,01092021135713
SWP1-01092021135714-1207.Bmp,01092021135714
SWP1-01092021135715-1208.Bmp,01092021135715
SWP1-01092021135715-1209.Bmp,01092021135715
SWP1-01092021135716-1210.Bmp,01092021135716
SWP1-01092021135717-1212.Bmp,01092021135717
SWP1-01092021135719-1215.Bmp,01092021135719
SWP1-01092021135720-1216.Bmp,01092021135720
SWP1-01092021135720-1217.Bmp,01092021135720
SWP1-01092021135722-1220.Bmp,01092021135722
SWP1-01092021135724-1223.Bmp,01092021135724
SWP1-01092021135726-1227.Bmp,01092021135726
SWP1-01092021135728-1229.Bmp,01092021135728
SWP1-01092021135730-1233.Bmp,01092021135730
SWP1-01092021135732-1236.Bmp,01092021135732
SWP1-01092021135733-1237.Bmp,01092021135733
SWP1-01092021135733-1238.Bmp,01092021135733
SWP1-01092021135734-1239.Bmp,01092021135734
SWP1-01092021135734-1240.Bmp,01092021135734
SWP1-01092021135735-1241.Bmp,01092021135735
SWP1-01092021135736-1242.Bmp,01092021135736
SWP1-01092021135736-1243.Bmp,01092021135736
SWP1-01092021135737-1244.Bmp,01092021135737
SWP1-01092021135737-1245.Bmp,01092021135737
SWP1-01092021135738-1246.Bmp,01092021135738
SWP1-01092021135742-1252.Bmp,01092021135742
SWP1-01092021135742-1253.Bmp,01092021135742
SWP1-01092021135743-1254.Bmp,01092021135743
SWP1-01092021135744-1255.Bmp,01092021135744
SWP1-01092021135744-1256.Bmp,01092021135744
